DoctorID,First_Name,Last_Name,Specialization,Phone,Email
1,Donaugh,Shanahan,,932-251-4424,dshanahan0@apache.org
2,Jacqui,Naile,,628-498-5762,jnaile1@tumblr.com
3,Tucky,Polini,,164-869-7124,tpolini2@nymag.com
4,Burty,Gabits,,979-230-4180,bgabits3@oracle.com
5,Darbie,Gratrex,,983-929-4250,dgratrex4@behance.net
6,Emili,Atyea,,172-857-1547,eatyea5@ow.ly
7,Tedra,Di Lucia,,408-826-9738,tdilucia6@newyorker.com
8,Sophey,Cruttenden,,431-893-7720,scruttenden7@uiuc.edu
9,Valaria,Menham,,835-884-2574,vmenham8@gmpg.org
10,Merell,Clubley,,510-324-1228,mclubley9@intel.com
11,Dolorita,Cardew,,223-319-0787,dcardewa@github.com
12,Elden,Djurevic,,560-467-5242,edjurevicb@paginegialle.it
13,Marga,Pashler,,466-949-5061,mpashlerc@constantcontact.com
14,Vin,Nelthropp,,238-594-9762,vnelthroppd@symantec.com
15,Mamie,Linzee,,654-638-6469,mlinzeee@spiegel.de
16,Antons,Riepl,,720-634-3642,arieplf@ifeng.com
17,Pacorro,Seakings,,261-175-3261,pseakingsg@blogger.com
18,Viviene,Ciobutaro,,835-361-6867,vciobutaroh@seattletimes.com
19,Griff,Game,,642-959-6797,ggamei@ihg.com
20,Mel,Ditchburn,,502-125-8724,mditchburnj@ucsd.edu
21,Kym,Dran,,774-540-8149,kdrank@java.com
22,Alayne,Bendix,,264-241-7005,abendixl@intel.com
23,Luise,Guerre,,222-872-0068,lguerrem@gov.uk
24,Jen,Frith,,354-134-7246,jfrithn@economist.com
25,Crawford,Woodwing,,419-500-3491,cwoodwingo@cnbc.com
26,Oriana,Francescoccio,,545-834-4625,ofrancescocciop@w3.org
27,Nat,Pollard,,864-817-8481,npollardq@prlog.org
28,Ingaborg,Gilkes,,382-178-0044,igilkesr@blog.com
29,Gram,Vinden,,286-177-5175,gvindens@soundcloud.com
30,Ebba,Timms,,199-583-0941,etimmst@usatoday.com
31,Ambrosius,Cutforth,,999-590-8932,acutforthu@npr.org
32,Stefan,Dunlap,,503-868-7157,sdunlapv@sbwire.com
33,Gertie,Abbots,,414-691-8191,gabbotsw@ucsd.edu
34,Raymund,Privost,,957-175-1770,rprivostx@freewebs.com
35,Debbi,Belasco,,806-262-4525,dbelascoy@alexa.com
36,Rosy,Ballchin,,169-175-3047,rballchinz@github.com
37,Alyssa,Tender,,317-534-5506,atender10@bloglines.com
38,Ilyse,Ware,,331-702-1612,iware11@ucoz.com
39,Dre,Templeman,,936-142-0720,dtempleman12@edublogs.org
40,Giordano,Gartin,,903-585-1292,ggartin13@wordpress.org
41,Jaye,Berge,,673-481-0866,jberge14@simplemachines.org
42,Vikky,Rideout,,991-684-8490,vrideout15@ft.com
43,Tammy,Croney,,811-869-3843,tcroney16@oakley.com
44,Henriette,McAlindon,,203-439-3955,hmcalindon17@wufoo.com
45,Cheryl,Wesley,,710-501-7617,cwesley18@wsj.com
46,Nicki,Ishaki,,918-444-9534,nishaki19@lycos.com
47,Norman,Jordi,,276-588-9725,njordi1a@virginia.edu
48,Gabriellia,Binyon,,307-334-8732,gbinyon1b@deviantart.com
49,Idelle,Scarce,,682-174-2290,iscarce1c@imgur.com
50,Harley,Milmore,,766-844-2453,hmilmore1d@typepad.com
51,Sadie,Vaneschi,,564-356-1568,svaneschi1e@bing.com
52,Con,Linning,,579-571-7371,clinning1f@typepad.com
53,Gwenora,Killiam,,752-759-9997,gkilliam1g@people.com.cn
54,Ainslie,Dun,,113-455-1486,adun1h@newyorker.com
55,Avery,Conring,,160-901-1519,aconring1i@ustream.tv
56,Stefa,Jewiss,,324-548-8875,sjewiss1j@who.int
57,Cathe,Setchfield,,741-596-1711,csetchfield1k@weather.com
58,Stephi,Tremblet,,688-155-5637,stremblet1l@google.co.jp
59,Alonso,Loines,,758-923-6205,aloines1m@squidoo.com
60,Juliet,Heatley,,354-426-8887,jheatley1n@lulu.com
61,Tadd,Goldie,,338-179-8703,tgoldie1o@about.com
62,Merilee,Spinage,,225-680-7254,mspinage1p@dagondesign.com
63,Olenka,Van Brug,,949-958-7948,ovanbrug1q@vkontakte.ru
64,Emeline,Cleary,,692-173-1808,ecleary1r@drupal.org
65,Marigold,Ewles,,498-158-4203,mewles1s@gmpg.org
66,Freeland,Strangman,,902-231-0327,fstrangman1t@topsy.com
67,Yank,Bycraft,,299-592-6304,ybycraft1u@sciencedaily.com
68,Katrinka,Jockle,,284-866-7190,kjockle1v@springer.com
69,Piggy,Sehorsch,,341-487-1775,psehorsch1w@patch.com
70,Theda,Janzen,,796-236-8298,tjanzen1x@techcrunch.com
71,Maire,Martynka,,140-478-7824,mmartynka1y@apache.org
72,Ginelle,Hartford,,368-212-6910,ghartford1z@ftc.gov
73,Fern,Guitt,,640-529-8892,fguitt20@ehow.com
74,Tait,Portchmouth,,348-426-4682,tportchmouth21@discovery.com
75,Skipp,Magee,,249-757-7511,smagee22@e-recht24.de
76,Karrah,Dairton,,841-716-3794,kdairton23@state.gov
77,Jakob,Fallowfield,,431-463-0987,jfallowfield24@free.fr
78,Michele,Heather,,953-334-0879,mheather25@woothemes.com
79,Fransisco,Wadsworth,,978-697-5358,fwadsworth26@wiley.com
80,Noah,Reekie,,290-997-5643,nreekie27@yolasite.com
81,Hilton,McAlroy,,567-523-2176,hmcalroy28@odnoklassniki.ru
82,Madelon,Quantrell,,742-575-4776,mquantrell29@google.com
83,Ozzy,Syalvester,,968-361-1983,osyalvester2a@ning.com
84,Leonid,Wildman,,734-599-7800,lwildman2b@cbc.ca
85,Lorene,Woolford,,312-159-1217,lwoolford2c@xinhuanet.com
86,Brittaney,Featonby,,706-550-2883,bfeatonby2d@joomla.org
87,Frederik,McLice,,206-349-9744,fmclice2e@ebay.com
88,Ddene,Narey,,392-462-8212,dnarey2f@noaa.gov
89,Talbert,Izchaki,,325-657-8273,tizchaki2g@epa.gov
90,Jone,Cuskery,,384-961-2319,jcuskery2h@blog.com
91,Marie-jeanne,Sutton,,900-692-2426,msutton2i@jigsy.com
92,Erica,Garside,,965-408-7692,egarside2j@linkedin.com
93,Valeda,Ludron,,318-383-4069,vludron2k@stumbleupon.com
94,Filia,Hubberstey,,317-427-6052,fhubberstey2l@ameblo.jp
95,Corrinne,Tournay,,142-491-8419,ctournay2m@upenn.edu
96,Dorothee,Camolli,,390-778-8623,dcamolli2n@canalblog.com
97,Clint,Largent,,413-355-0851,clargent2o@oakley.com
98,Allyson,Matuszyk,,790-873-6722,amatuszyk2p@prnewswire.com
99,Cesya,Newbery,,430-493-7099,cnewbery2q@ftc.gov
100,Hortensia,Brannan,,439-298-2534,hbrannan2r@over-blog.com
101,Jillana,Djurkovic,,252-916-0268,jdjurkovic2s@hatena.ne.jp
102,Langsdon,Copes,,840-724-5915,lcopes2t@yandex.ru
103,Stefa,Kolushev,,103-623-1559,skolushev2u@imdb.com
104,Evanne,Foster-Smith,,282-699-9875,efostersmith2v@howstuffworks.com
105,Rainer,Ring,,722-445-4217,rring2w@icio.us
106,Riki,Paprotny,,547-978-7127,rpaprotny2x@sohu.com
107,Lynda,Lazell,,334-900-6435,llazell2y@hubpages.com
108,Joelly,Bletcher,,372-291-6127,jbletcher2z@usatoday.com
109,Modesty,Kennewell,,316-970-6254,mkennewell30@behance.net
110,Carol,Harburtson,,159-125-5528,charburtson31@rakuten.co.jp
111,Blair,Garvey,,815-808-8397,bgarvey32@china.com.cn
112,Otho,Miguet,,381-693-0571,omiguet33@oakley.com
113,Hermann,Marzelle,,381-838-7856,hmarzelle34@weather.com
114,Belia,Georghiou,,622-277-0731,bgeorghiou35@google.co.uk
115,Paulo,Polson,,928-961-4026,ppolson36@cnet.com
116,Nick,Leyban,,508-722-0483,nleyban37@alibaba.com
117,Herb,Whitlam,,729-923-0784,hwhitlam38@xing.com
118,Grady,Synder,,624-652-7767,gsynder39@fda.gov
119,Wells,Veillard,,567-764-1580,wveillard3a@live.com
120,Shir,Real,,437-509-3171,sreal3b@cyberchimps.com
121,Ewell,Chang,,228-950-8477,echang3c@miibeian.gov.cn
122,Shirlene,Kilcullen,,710-134-5724,skilcullen3d@berkeley.edu
123,Pippa,Marsters,,935-762-7345,pmarsters3e@state.tx.us
124,Ingrid,Gulvin,,957-964-8163,igulvin3f@networkadvertising.org
125,Yorgos,Goldberg,,516-641-8177,ygoldberg3g@wisc.edu
126,Trever,Biesinger,,180-885-9579,tbiesinger3h@baidu.com
127,Arluene,Delaprelle,,700-506-3019,adelaprelle3i@typepad.com
128,Kermit,Garfit,,168-825-3042,kgarfit3j@cmu.edu
129,Matteo,Bachellier,,165-441-8431,mbachellier3k@un.org
130,Biron,Kirkham,,391-287-3159,bkirkham3l@smugmug.com
131,Ellis,Stabbins,,740-984-0320,estabbins3m@slashdot.org
132,Krysta,Cornell,,306-819-9601,kcornell3n@fema.gov
133,Egan,Leftwich,,930-532-6330,eleftwich3o@vinaora.com
134,Cointon,Doby,,914-622-9686,cdoby3p@mapquest.com
135,Wain,Hovel,,865-552-3825,whovel3q@devhub.com
136,Cammy,McCaig,,163-516-5901,cmccaig3r@example.com
137,Iolande,Drewson,,723-327-8495,idrewson3s@smh.com.au
138,Lusa,Golborn,,650-741-9705,lgolborn3t@tinypic.com
139,Raynor,Venneur,,800-802-4978,rvenneur3u@istockphoto.com
140,Margeaux,Browett,,427-411-6037,mbrowett3v@canalblog.com
141,Johnette,Dishman,,700-308-4226,jdishman3w@amazon.com
142,Tami,Carlucci,,853-327-6331,tcarlucci3x@shinystat.com
143,Alaster,Mcall,,178-309-3522,amcall3y@oracle.com
144,Chiquita,Dearman,,534-850-5439,cdearman3z@dailymotion.com
145,Sammie,Waszczykowski,,574-651-6833,swaszczykowski40@home.pl
146,Eyde,Yosevitz,,959-341-0770,eyosevitz41@eventbrite.com
147,Cinda,Service,,658-442-9011,cservice42@i2i.jp
148,Hope,Ramsted,,418-788-0628,hramsted43@soundcloud.com
149,Mikael,McWhinnie,,798-528-0086,mmcwhinnie44@si.edu
150,Essy,Matej,,614-484-2083,ematej45@ihg.com
151,Aurora,Cereceres,,465-833-0318,acereceres46@tumblr.com
152,Krystalle,Coast,,842-883-2822,kcoast47@jugem.jp
153,Darbie,Reedy,,990-896-3754,dreedy48@sciencedaily.com
154,Lynette,Redier,,160-261-4292,lredier49@alibaba.com
155,Myrilla,Kittoe,,700-477-8418,mkittoe4a@nature.com
156,Rosemonde,Northing,,338-295-9083,rnorthing4b@si.edu
157,Giana,Zorzoni,,926-612-6400,gzorzoni4c@bloglovin.com
158,Ingamar,Slainey,,368-170-3139,islainey4d@feedburner.com
159,Rosemarie,Keary,,671-975-0475,rkeary4e@deviantart.com
160,Andre,Ambroz,,532-691-1273,aambroz4f@joomla.org
161,Powell,Dudek,,128-393-0634,pdudek4g@trellian.com
162,Tori,Piccop,,220-194-5774,tpiccop4h@examiner.com
163,Adriena,Pickthall,,869-537-3083,apickthall4i@fema.gov
164,Loree,Derr,,707-376-7410,lderr4j@seattletimes.com
165,Marianna,Montez,,247-985-7648,mmontez4k@bravesites.com
166,Janella,McClure,,388-516-1155,jmcclure4l@twitter.com
167,Garth,Stoven,,329-659-8810,gstoven4m@printfriendly.com
168,Iorgo,Bittleson,,789-947-8660,ibittleson4n@dedecms.com
169,Avrit,Orthmann,,219-636-9447,aorthmann4o@marriott.com
170,Melitta,Gutowski,,862-432-5919,mgutowski4p@elpais.com
171,Darrell,Alejo,,473-823-7987,dalejo4q@mozilla.com
172,Arabela,Torricella,,624-751-5454,atorricella4r@bloomberg.com
173,Leilah,Haddick,,282-636-6478,lhaddick4s@google.de
174,Lion,Nuton,,826-181-7039,lnuton4t@spotify.com
175,Rosalia,Maraga,,752-314-2311,rmaraga4u@cdc.gov
176,Stephannie,Cathel,,598-967-0564,scathel4v@princeton.edu
177,Joelle,Gyford,,994-923-3554,jgyford4w@macromedia.com
178,Ariela,Portlock,,324-800-7819,aportlock4x@i2i.jp
179,Gene,Wycliff,,926-428-8465,gwycliff4y@booking.com
180,Trescha,Angus,,791-164-1384,tangus4z@vistaprint.com
181,Kali,Brixham,,307-988-4836,kbrixham50@msn.com
182,Nananne,Spendley,,252-106-3324,nspendley51@fastcompany.com
183,Seth,Oram,,676-648-0238,soram52@elpais.com
184,Rosaline,Scudamore,,183-200-5426,rscudamore53@japanpost.jp
185,Brody,Jedrych,,650-347-3841,bjedrych54@businessweek.com
186,Klarrisa,Zukerman,,691-463-9121,kzukerman55@biblegateway.com
187,Olenolin,Gebb,,145-475-1934,ogebb56@loc.gov
188,Kurt,Leason,,215-495-5959,kleason57@dailymotion.com
189,Chiarra,Mountford,,315-530-1154,cmountford58@google.com.au
190,Yves,Kunzel,,940-587-8116,ykunzel59@eepurl.com
191,Jeramie,Dowdell,,347-322-5125,jdowdell5a@loc.gov
192,Ethelbert,Croasdale,,895-427-3976,ecroasdale5b@etsy.com
193,Clarita,Roderham,,368-762-4492,croderham5c@barnesandnoble.com
194,Kinsley,Pratley,,504-383-0150,kpratley5d@bloomberg.com
195,Olivie,Kemball,,391-564-5548,okemball5e@xrea.com
196,Alva,Jerke,,235-823-9638,ajerke5f@tamu.edu
197,Tomlin,Hastin,,268-460-0943,thastin5g@meetup.com
198,Andie,Meir,,238-496-0539,ameir5h@delicious.com
199,Ban,Haywood,,191-503-1464,bhaywood5i@weebly.com
200,Stacey,Poe,,998-740-6618,spoe5j@chron.com
201,Trudie,Cogger,,127-240-3093,tcogger5k@sphinn.com
202,Gretal,Marieton,,634-404-6237,gmarieton5l@pinterest.com
203,Cris,Parken,,963-449-3144,cparken5m@admin.ch
204,Rosalie,Farington,,920-225-1386,rfarington5n@pbs.org
205,Kellby,Alflat,,576-570-4173,kalflat5o@jalbum.net
206,Kin,Boyce,,438-438-5198,kboyce5p@hugedomains.com
207,Cristen,Strelitzer,,851-349-6284,cstrelitzer5q@disqus.com
208,Wendi,Tolman,,897-974-2731,wtolman5r@bbc.co.uk
209,Jesse,Bratton,,276-858-1611,jbratton5s@pinterest.com
210,Isabeau,Dmisek,,442-114-1317,idmisek5t@marketwatch.com
211,Shannon,Yashaev,,275-382-8022,syashaev5u@pbs.org
212,Wendi,Arendsen,,377-857-1089,warendsen5v@barnesandnoble.com
213,Darcey,Rolfs,,182-835-1667,drolfs5w@newyorker.com
214,Rhoda,Brimmacombe,,872-824-7530,rbrimmacombe5x@ed.gov
215,Karly,Sarsons,,233-972-4470,ksarsons5y@admin.ch
216,Katalin,Wych,,598-525-1592,kwych5z@cyberchimps.com
217,Tommie,Collop,,769-622-0140,tcollop60@aol.com
218,Hymie,Tatum,,491-994-8207,htatum61@mysql.com
219,Marcellina,Kennington,,170-202-6881,mkennington62@wikipedia.org
220,Isahella,Chagg,,643-985-7824,ichagg63@epa.gov
221,Kareem,Baynon,,157-257-4889,kbaynon64@hugedomains.com
222,Valentino,Sheriff,,322-381-5081,vsheriff65@fema.gov
223,Caren,Leake,,545-878-6683,cleake66@imdb.com
224,Hilly,Dibdall,,561-473-0894,hdibdall67@pen.io
225,Marlowe,Graveson,,952-760-6061,mgraveson68@google.co.jp
226,Lurleen,Greenhouse,,833-598-8012,lgreenhouse69@vinaora.com
227,Mayor,Couvet,,978-334-3010,mcouvet6a@bbb.org
228,Berri,Lucey,,704-858-5759,blucey6b@blogger.com
229,Laetitia,Stubbes,,994-189-9831,lstubbes6c@fotki.com
230,August,Jose,,342-443-2401,ajose6d@icio.us
231,Josselyn,Getcliff,,204-402-7444,jgetcliff6e@google.ru
232,Rockwell,Crowest,,309-462-0093,rcrowest6f@jiathis.com
233,Stevena,Laste,,304-222-7740,slaste6g@sphinn.com
234,Maible,Jensen,,212-328-3378,mjensen6h@home.pl
235,Abby,Caulliere,,623-434-1960,acaulliere6i@com.com
236,Dulcia,Kobpal,,988-874-3311,dkobpal6j@livejournal.com
237,Tudor,Raleston,,571-548-2196,traleston6k@abc.net.au
238,Melisande,Cudde,,140-213-5195,mcudde6l@miitbeian.gov.cn
239,Shela,Dorman,,187-501-9966,sdorman6m@wiley.com
240,Ashli,Lampett,,829-110-9887,alampett6n@usa.gov
241,Derwin,Beedle,,205-573-8707,dbeedle6o@usatoday.com
242,Nancee,Sandell,,745-260-8887,nsandell6p@purevolume.com
243,Ashleigh,Spicer,,980-851-5918,aspicer6q@tiny.cc
244,Wat,Merton,,312-440-0660,wmerton6r@toplist.cz
245,Marieann,Berston,,215-590-0722,mberston6s@squidoo.com
246,Isaak,Yaldren,,648-250-2417,iyaldren6t@de.vu
247,Valry,Jaze,,423-258-3639,vjaze6u@163.com
248,Jan,Farge,,258-919-5736,jfarge6v@amazonaws.com
249,Melicent,Falconbridge,,126-962-8944,mfalconbridge6w@mediafire.com
250,Gerard,Parratt,,906-303-6780,gparratt6x@indiegogo.com
251,Garold,Cescon,,913-556-4807,gcescon6y@etsy.com
252,Deny,Gate,,471-117-0143,dgate6z@senate.gov
253,Virgie,Ratnage,,350-946-8816,vratnage70@hc360.com
254,Cherida,Foan,,457-111-9111,cfoan71@altervista.org
255,Charlie,Tatlow,,143-505-6123,ctatlow72@yolasite.com
256,Arlina,Lumley,,695-640-4204,alumley73@51.la
257,Michaella,Bottelstone,,481-646-8674,mbottelstone74@irs.gov
258,Bendick,Locock,,592-896-9125,blocock75@hugedomains.com
259,Janaye,Begg,,616-996-8775,jbegg76@discovery.com
260,Eloise,Vernall,,840-810-7759,evernall77@bigcartel.com
261,Cacilia,Brimmacombe,,941-196-3956,cbrimmacombe78@ucsd.edu
262,Arturo,D'Ruel,,434-727-1765,adruel79@usnews.com
263,Adore,Wattisham,,844-178-0572,awattisham7a@twitpic.com
264,Briny,Basketter,,517-661-3760,bbasketter7b@blog.com
265,Demetris,Dovington,,778-401-8591,ddovington7c@answers.com
266,Onofredo,Domone,,663-862-2891,odomone7d@skype.com
267,Clifford,Kinglake,,294-688-8399,ckinglake7e@si.edu
268,Cati,Gervaise,,890-935-1962,cgervaise7f@furl.net
269,Blondy,Speight,,506-226-8458,bspeight7g@timesonline.co.uk
270,Ada,Shellsheere,,676-296-8991,ashellsheere7h@amazonaws.com
271,Josi,Sandhill,,976-992-8326,jsandhill7i@hubpages.com
272,Zeb,Serjeantson,,430-983-5685,zserjeantson7j@bbc.co.uk
273,Abelard,Sawkins,,862-676-1063,asawkins7k@accuweather.com
274,Norton,Opfer,,417-436-6805,nopfer7l@unicef.org
275,Lurline,Prattin,,186-816-4480,lprattin7m@mozilla.org
276,Trever,Polland,,295-306-3900,tpolland7n@washingtonpost.com
277,Mirabel,De Gogay,,621-295-5124,mdegogay7o@yellowpages.com
278,Rodina,Veschi,,673-291-2018,rveschi7p@shutterfly.com
279,Morganica,Farress,,373-122-2449,mfarress7q@weebly.com
280,Steven,Farnworth,,181-347-6453,sfarnworth7r@addthis.com
281,Clarissa,Sheirlaw,,811-333-3886,csheirlaw7s@goo.gl
282,Leelah,Galland,,711-575-6388,lgalland7t@craigslist.org
283,Rosene,Ruben,,671-605-7134,rruben7u@a8.net
284,Mendie,Lodo,,131-536-0580,mlodo7v@ifeng.com
285,Joli,Sympson,,210-529-4563,jsympson7w@house.gov
286,Hilario,d' Elboux,,291-985-8478,hdelboux7x@netvibes.com
287,Jaime,Zealy,,412-370-6319,jzealy7y@msu.edu
288,Jolie,Skryne,,922-444-0027,jskryne7z@devhub.com
289,Hershel,Jeske,,997-142-9399,hjeske80@soup.io
290,Gretta,McGinney,,828-551-1756,gmcginney81@cbc.ca
291,Sheila,Gregoretti,,617-855-8584,sgregoretti82@mozilla.org
292,Ailsun,Cowser,,972-527-8782,acowser83@github.com
293,Barr,Arkle,,930-398-2747,barkle84@amazon.co.uk
294,Pet,Kubat,,932-304-2029,pkubat85@jalbum.net
295,Felicdad,Jentet,,429-764-2694,fjentet86@psu.edu
296,Glynda,Carwardine,,672-671-9829,gcarwardine87@weather.com
297,Craig,Glyne,,175-845-1508,cglyne88@vk.com
298,Issi,Dumphrey,,771-821-4677,idumphrey89@cdbaby.com
299,Sid,Corradini,,151-872-1135,scorradini8a@multiply.com
300,Lindy,Cargo,,870-247-0695,lcargo8b@mozilla.org
301,Arin,Broek,,794-927-4471,abroek8c@wiley.com
302,Fenelia,Condie,,561-292-5807,fcondie8d@fema.gov
303,Max,Walch,,597-623-6997,mwalch8e@miitbeian.gov.cn
304,Keary,Cuzen,,288-905-7632,kcuzen8f@nps.gov
305,Chaim,Dinnington,,266-638-5763,cdinnington8g@naver.com
306,Lauren,Landells,,370-112-8128,llandells8h@answers.com
307,Lyssa,Alden,,927-239-8873,lalden8i@theguardian.com
308,Sarene,Scrymgeour,,845-370-0704,sscrymgeour8j@soundcloud.com
309,Sam,Wrighton,,722-166-4224,swrighton8k@bing.com
310,Kamila,Kneesha,,150-737-8789,kkneesha8l@icq.com
311,Zaneta,Bediss,,767-693-9960,zbediss8m@mysql.com
312,Laureen,Weaving,,382-644-1909,lweaving8n@apple.com
313,Lanie,Vockings,,476-394-6057,lvockings8o@chron.com
314,Nerissa,Couldwell,,708-283-6261,ncouldwell8p@skyrock.com
315,Peadar,Ponten,,771-246-0764,pponten8q@thetimes.co.uk
316,Allis,Smalcombe,,715-295-6746,asmalcombe8r@google.cn
317,Theresa,Demange,,395-420-1345,tdemange8s@yelp.com
318,Demetri,Delue,,527-693-2950,ddelue8t@tinyurl.com
319,Darryl,Creelman,,559-280-2315,dcreelman8u@huffingtonpost.com
320,Kriste,Baudain,,901-796-5729,kbaudain8v@fastcompany.com
321,Burty,Matthis,,558-267-1408,bmatthis8w@w3.org
322,Clari,Leacy,,751-582-8379,cleacy8x@wunderground.com
323,Kincaid,Bellee,,923-180-4443,kbellee8y@storify.com
324,Terri-jo,Gladden,,616-382-9900,tgladden8z@va.gov
325,Killian,O'Currigan,,995-607-5903,kocurrigan90@instagram.com
326,Jess,Kleinmintz,,170-125-5604,jkleinmintz91@blinklist.com
327,Nester,Bromilow,,628-786-7141,nbromilow92@omniture.com
328,Roxi,Lethbury,,689-112-4516,rlethbury93@google.com.br
329,Ritchie,Rose,,384-210-4359,rrose94@buzzfeed.com
330,Welsh,Kinny,,124-316-1347,wkinny95@about.me
331,Kendall,Leftley,,192-803-9598,kleftley96@bravesites.com
332,Rourke,Middleton,,129-144-8885,rmiddleton97@mapquest.com
333,Gloriane,Zorzini,,618-883-0199,gzorzini98@pagesperso-orange.fr
334,Halley,Monsey,,789-331-3291,hmonsey99@amazon.co.uk
335,Wat,Bright,,534-412-4194,wbright9a@google.fr
336,Leroi,Berick,,169-195-3745,lberick9b@guardian.co.uk
337,Nissa,Coulter,,298-246-2352,ncoulter9c@scribd.com
338,Shellie,Gabits,,862-729-9209,sgabits9d@europa.eu
339,Emmit,Tripcony,,309-307-2335,etripcony9e@deliciousdays.com
340,Dorry,Harner,,819-194-1557,dharner9f@cbsnews.com
341,Tarrah,Woodyear,,259-756-3886,twoodyear9g@barnesandnoble.com
342,Duff,Gut,,323-560-8053,dgut9h@examiner.com
343,Davie,Baudesson,,663-926-4012,dbaudesson9i@fastcompany.com
344,Corinna,Randalson,,720-791-9002,crandalson9j@webs.com
345,Star,Hoovart,,705-865-4235,shoovart9k@google.com.au
346,Charles,Grestie,,161-207-8805,cgrestie9l@etsy.com
347,Ware,Le Barr,,176-146-1596,wlebarr9m@tinyurl.com
348,Shel,Ortiger,,892-985-8958,sortiger9n@theguardian.com
349,Wye,Shufflebotham,,509-845-2613,wshufflebotham9o@photobucket.com
350,Reynolds,Castilla,,629-356-8542,rcastilla9p@1688.com
351,Monro,Bovis,,511-284-3296,mbovis9q@prlog.org
352,Gleda,Redwin,,429-572-8138,gredwin9r@macromedia.com
353,Jean,Retchford,,321-482-7589,jretchford9s@google.ca
354,Kayley,Muddimer,,105-686-3258,kmuddimer9t@noaa.gov
355,Darelle,Yalden,,885-900-2313,dyalden9u@github.com
356,Muffin,Martinetto,,558-749-4093,mmartinetto9v@is.gd
357,Laurent,Scirman,,671-886-4254,lscirman9w@hp.com
358,Antoine,Coldham,,879-634-5333,acoldham9x@uiuc.edu
359,Birdie,Hearnden,,105-484-5998,bhearnden9y@state.gov
360,Ameline,Blackway,,614-783-0576,ablackway9z@uiuc.edu
361,Katharina,Breadmore,,135-124-4743,kbreadmorea0@prlog.org
362,Garald,Sherlock,,847-621-6975,gsherlocka1@creativecommons.org
363,Quill,Haliday,,760-226-7258,qhalidaya2@seattletimes.com
364,Joellyn,Cunnell,,337-377-9886,jcunnella3@joomla.org
365,Beck,Maden,,845-886-8868,bmadena4@ted.com
366,Celine,Magee,,740-843-2106,cmageea5@nytimes.com
367,Josselyn,Haddow,,352-816-5782,jhaddowa6@homestead.com
368,Petra,Lidstone,,470-106-4681,plidstonea7@indiatimes.com
369,Nikki,Dorre,,642-910-8184,ndorrea8@free.fr
370,Abigail,Loughlin,,510-180-6975,aloughlina9@netlog.com
371,Vittoria,Petronis,,952-987-2008,vpetronisaa@mashable.com
372,Mirabelle,Stubbley,,220-461-0126,mstubbleyab@wordpress.com
373,Bathsheba,Jillins,,362-484-3308,bjillinsac@usgs.gov
374,Orsola,Simonyi,,874-806-9663,osimonyiad@ted.com
375,Allayne,Capey,,136-659-3570,acapeyae@gmpg.org
376,Oswell,O'Hagan,,175-351-4000,oohaganaf@a8.net
377,Sean,Emberton,,158-364-3687,sembertonag@jimdo.com
378,Leesa,Duthie,,144-812-7984,lduthieah@w3.org
379,Giuseppe,Joselson,,930-631-9846,gjoselsonai@jalbum.net
380,Carlie,Milbourn,,730-506-9833,cmilbournaj@guardian.co.uk
381,Kitti,Saffrin,,736-994-9667,ksaffrinak@gmpg.org
382,Tilly,Bartoszewski,,437-776-1177,tbartoszewskial@squarespace.com
383,Joyous,Joderli,,536-424-3752,jjoderliam@networkadvertising.org
384,Kathy,Tante,,976-214-5738,ktantean@wisc.edu
385,Giana,Niessen,,568-915-0849,gniessenao@linkedin.com
386,Chickie,Tamblyn,,626-855-0492,ctamblynap@gov.uk
387,Wood,Paolone,,207-894-7711,wpaoloneaq@odnoklassniki.ru
388,Sergent,Giacomoni,,176-122-7947,sgiacomoniar@usatoday.com
389,Hanna,Treadwell,,861-667-0207,htreadwellas@nba.com
390,Cristen,MacPake,,261-736-7612,cmacpakeat@cbc.ca
391,Frans,Incogna,,883-826-1920,fincognaau@plala.or.jp
392,Bowie,Letixier,,306-532-4734,bletixierav@dmoz.org
393,Reinold,Coslitt,,289-487-3312,rcoslittaw@xrea.com
394,Nadiya,McCafferky,,109-585-4016,nmccafferkyax@nasa.gov
395,Giffer,Duran,,417-870-4488,gduranay@goodreads.com
396,Debee,Millington,,343-412-2451,dmillingtonaz@elpais.com
397,Hermann,Moneti,,931-917-1924,hmonetib0@macromedia.com
398,Ethelred,Piet,,735-921-5738,epietb1@smugmug.com
399,Sherlock,Pulhoster,,301-413-1038,spulhosterb2@paginegialle.it
400,Augustus,Judge,,721-583-4037,ajudgeb3@webeden.co.uk
401,Benito,Rustman,,514-708-3201,brustmanb4@marketwatch.com
402,Benyamin,Yonge,,828-628-7661,byongeb5@techcrunch.com
403,Adele,Leatt,,236-988-4249,aleattb6@utexas.edu
404,Ivan,Diloway,,401-340-8339,idilowayb7@about.me
405,Rhody,Ceccoli,,534-380-6720,rceccolib8@sciencedaily.com
406,Greta,Cullagh,,722-317-1368,gcullaghb9@cnbc.com
407,Trip,Thridgould,,402-985-2066,tthridgouldba@plala.or.jp
408,Dolorita,Baudouin,,789-185-6740,dbaudouinbb@reverbnation.com
409,Miller,Baggallay,,700-292-7276,mbaggallaybc@51.la
410,Theobald,Dineges,,106-516-7505,tdinegesbd@myspace.com
411,Hoyt,Cowderay,,950-999-8788,hcowderaybe@angelfire.com
412,Deanna,Shelsher,,793-679-9663,dshelsherbf@admin.ch
413,Reggie,Cord,,145-624-8952,rcordbg@imdb.com
414,Dolores,Janny,,505-156-9645,djannybh@skype.com
415,Ferdinand,Crighten,,779-806-0024,fcrightenbi@skyrock.com
416,Bernete,Brantzen,,937-250-9492,bbrantzenbj@wiley.com
417,Brandy,Underhill,,781-714-9680,bunderhillbk@netscape.com
418,Shamus,Wohlers,,213-846-2030,swohlersbl@nba.com
419,Domenic,Kopelman,,574-671-2500,dkopelmanbm@ibm.com
420,Marten,Eliet,,292-146-8199,melietbn@4shared.com
421,Quincey,Asbery,,358-923-7512,qasberybo@spotify.com
422,Kenny,Feehily,,182-230-4022,kfeehilybp@surveymonkey.com
423,Deeanne,Mougenel,,113-368-5423,dmougenelbq@cocolog-nifty.com
424,Rock,Glover,,182-684-2536,rgloverbr@stanford.edu
425,Selia,Domek,,996-226-9973,sdomekbs@jimdo.com
426,Doll,Grimley,,917-990-3347,dgrimleybt@xrea.com
427,Katuscha,Laviste,,704-222-9439,klavistebu@bbb.org
428,Harman,Olek,,551-719-0701,holekbv@sitemeter.com
429,Dayna,Muldoon,,202-904-4185,dmuldoonbw@walmart.com
430,Giulietta,McLennan,,480-524-9751,gmclennanbx@sphinn.com
431,Jeremias,Caslin,,694-109-6155,jcaslinby@mail.ru
432,Cynde,Myott,,129-202-3142,cmyottbz@sfgate.com
433,Hildegarde,Philott,,812-983-0805,hphilottc0@pcworld.com
434,Louise,Ewdale,,905-560-3361,lewdalec1@archive.org
435,Lindy,Tetford,,116-850-0385,ltetfordc2@reuters.com
436,Ted,Acres,,188-388-2773,tacresc3@jugem.jp
437,Julieta,Steanyng,,759-115-5124,jsteanyngc4@mozilla.com
438,Astrid,Hasell,,928-663-2137,ahasellc5@typepad.com
439,Dolorita,Pauletti,,319-391-2869,dpaulettic6@ezinearticles.com
440,Heywood,Chatwin,,855-918-7092,hchatwinc7@qq.com
441,Lucila,Rapaport,,230-936-6039,lrapaportc8@cyberchimps.com
442,Ward,Downie,,474-594-8197,wdowniec9@de.vu
443,Ram,Raye,,841-999-1759,rrayeca@japanpost.jp
444,Pancho,St. Aubyn,,897-225-4524,pstaubyncb@google.cn
445,Brinna,Sutherland,,319-969-3609,bsutherlandcc@amazon.co.uk
446,Kareem,Fosdick,,127-648-7402,kfosdickcd@newsvine.com
447,Vinnie,Evanson,,690-632-8906,vevansonce@senate.gov
448,Cecilla,Lavington,,889-601-3609,clavingtoncf@soup.io
449,Delphine,Lathy,,483-316-6411,dlathycg@craigslist.org
450,Jena,Itzakson,,983-726-1756,jitzaksonch@drupal.org
451,Leena,Broy,,636-601-2078,lbroyci@google.it
452,Addison,Shine,,436-484-5852,ashinecj@icq.com
453,Dell,Heakins,,319-231-9029,dheakinsck@nhs.uk
454,Reinhold,Mumford,,902-215-2769,rmumfordcl@wikia.com
455,Markos,Woolfitt,,793-254-7055,mwoolfittcm@answers.com
456,Danica,Iverson,,413-161-3667,diversoncn@etsy.com
457,Waylan,Hourston,,156-649-6410,whourstonco@bluehost.com
458,Cesaro,Patriche,,326-553-1523,cpatrichecp@webs.com
459,Ashbey,Ronald,,351-455-0987,aronaldcq@usda.gov
460,Dionysus,Healks,,887-858-1133,dhealkscr@imgur.com
461,Agata,Van den Velde,,487-366-2862,avandenveldecs@timesonline.co.uk
462,Carver,Ramsbottom,,669-807-5946,cramsbottomct@kickstarter.com
463,Minette,Overel,,545-571-6616,moverelcu@bbb.org
464,Felicity,Rose,,830-931-6883,frosecv@aboutads.info
465,Noble,Hubane,,895-613-2928,nhubanecw@friendfeed.com
466,Alasteir,Braithwait,,406-169-3175,abraithwaitcx@barnesandnoble.com
467,Natalie,Humpherston,,713-527-7550,nhumpherstoncy@live.com
468,Kerstin,Ferries,,263-959-9954,kferriescz@cyberchimps.com
469,Evangelin,Yeaman,,783-662-3020,eyeamand0@1und1.de
470,Earle,Poulson,,508-428-2163,epoulsond1@youku.com
471,Vina,Volet,,791-993-8730,vvoletd2@free.fr
472,Ginni,Goodbur,,389-881-8036,ggoodburd3@sphinn.com
473,Emylee,Buckett,,972-588-5743,ebuckettd4@163.com
474,Faun,Dimmer,,435-862-4198,fdimmerd5@yandex.ru
475,Karlen,Gane,,808-669-9514,kganed6@wired.com
476,Carolynn,Sizeland,,219-849-0246,csizelandd7@va.gov
477,Genevieve,Murison,,443-244-4933,gmurisond8@spiegel.de
478,Alisander,Scrancher,,182-517-1989,ascrancherd9@independent.co.uk
479,Betta,Hallowes,,273-166-4925,bhallowesda@addtoany.com
480,Shelby,Koppens,,186-591-6988,skoppensdb@technorati.com
481,Larisa,Coweuppe,,224-993-3835,lcoweuppedc@mayoclinic.com
482,Boot,Pamplin,,557-464-2395,bpamplindd@google.es
483,Anica,McAteer,,508-296-3801,amcateerde@cnn.com
484,Vonny,Steel,,512-477-9922,vsteeldf@amazon.co.uk
485,Ted,Willox,,154-132-4020,twilloxdg@weibo.com
486,Tandie,Stiegars,,214-410-6329,tstiegarsdh@twitpic.com
487,Al,Allcoat,,368-571-2348,aallcoatdi@twitter.com
488,Alon,Jacobsen,,231-556-2431,ajacobsendj@hud.gov
489,Almeria,Torrecilla,,703-906-8563,atorrecilladk@va.gov
490,Garwood,Portail,,199-549-0748,gportaildl@facebook.com
491,Demetris,Lechmere,,308-428-3341,dlechmeredm@wikipedia.org
492,Jephthah,Burner,,663-385-4584,jburnerdn@geocities.com
493,Roger,Munslow,,449-759-0097,rmunslowdo@deviantart.com
494,Deidre,Maseyk,,793-713-2621,dmaseykdp@europa.eu
495,Em,Kupec,,159-746-1699,ekupecdq@privacy.gov.au
496,Noell,Orteu,,466-875-2099,norteudr@youku.com
497,Lorrayne,Sherred,,502-410-0050,lsherredds@devhub.com
498,Kippy,Stoile,,891-115-9744,kstoiledt@parallels.com
499,Mohammed,Summerhayes,,792-495-7433,msummerhayesdu@dailymail.co.uk
500,Drusi,Sibthorp,,586-462-9080,dsibthorpdv@samsung.com
501,Wang,Camamill,,240-847-5099,wcamamilldw@privacy.gov.au
502,Luther,Gronav,,811-591-3262,lgronavdx@icq.com
503,Darla,Twining,,629-404-3977,dtwiningdy@phpbb.com
504,Cherri,Maase,,384-258-9662,cmaasedz@phpbb.com
505,Arther,Cashman,,224-606-8627,acashmane0@g.co
506,Maria,Slany,,740-449-3918,mslanye1@twitter.com
507,Pauli,Berkley,,405-507-4170,pberkleye2@addthis.com
508,D'arcy,Base,,555-516-0722,dbasee3@chronoengine.com
509,Torey,Gaythwaite,,811-164-6452,tgaythwaitee4@gnu.org
510,Brooke,Dellar,,637-909-4680,bdellare5@sogou.com
511,Thaxter,Gorling,,352-376-4569,tgorlinge6@ebay.com
512,Yardley,Sawbridge,,893-810-0264,ysawbridgee7@tumblr.com
513,Willamina,Potebury,,661-495-6269,wpoteburye8@canalblog.com
514,Broderick,Wattins,,631-579-9737,bwattinse9@merriam-webster.com
515,Mozelle,Ithell,,197-821-1965,mithellea@time.com
516,Adrianne,Dymick,,494-318-7204,adymickeb@wsj.com
517,Willie,Hobble,,684-886-9838,whobbleec@typepad.com
518,Maryl,Delamaine,,228-826-5436,mdelamaineed@infoseek.co.jp
519,Tomlin,Lawful,,495-695-9818,tlawfulee@friendfeed.com
520,Juanita,Pickup,,503-624-4911,jpickupef@simplemachines.org
521,Winny,Grouse,,887-614-6288,wgrouseeg@webs.com
522,Dierdre,Bolzen,,704-702-4402,dbolzeneh@feedburner.com
523,Barny,Pristnor,,223-342-4090,bpristnorei@elegantthemes.com
524,Boniface,McCarthy,,386-505-6619,bmccarthyej@twitpic.com
525,Mandel,Whyte,,469-478-3555,mwhyteek@loc.gov
526,Haroun,Denecamp,,220-862-1855,hdenecampel@odnoklassniki.ru
527,Maribel,Curtin,,646-851-4232,mcurtinem@webmd.com
528,Thom,Abdy,,812-894-2450,tabdyen@aboutads.info
529,Brooke,Happer,,492-401-0663,bhappereo@drupal.org
530,Tracy,Lies,,806-450-7450,tliesep@trellian.com
531,Lurlene,Muckart,,577-169-3444,lmuckarteq@gizmodo.com
532,Alexander,Calladine,,697-569-4906,acalladineer@wikimedia.org
533,Hunfredo,Wagstaffe,,916-992-7692,hwagstaffees@themeforest.net
534,Bryana,Jurca,,292-467-6045,bjurcaet@altervista.org
535,Jayme,Venturoli,,739-644-5176,jventurolieu@google.pl
536,Vlad,Swendell,,732-120-7292,vswendellev@drupal.org
537,Elena,Whymark,,533-716-5094,ewhymarkew@1688.com
538,Abigail,Iacovolo,,629-121-6558,aiacovoloex@google.co.jp
539,Westbrooke,Enright,,731-425-6302,wenrightey@hao123.com
540,Rocky,Leschelle,,112-924-1640,rleschelleez@princeton.edu
541,Mike,Bayley,,513-835-4188,mbayleyf0@lulu.com
542,Dalston,Haggard,,771-443-6070,dhaggardf1@opera.com
543,Jackelyn,Collard,,847-232-8913,jcollardf2@desdev.cn
544,Jayme,Dickon,,904-244-8505,jdickonf3@noaa.gov
545,Drucie,Bolesworth,,351-336-9873,dbolesworthf4@free.fr
546,Isabeau,Nucator,,993-451-7848,inucatorf5@webeden.co.uk
547,Mitchael,Gabbot,,919-343-7047,mgabbotf6@harvard.edu
548,Waylan,Dellenbroker,,448-196-2470,wdellenbrokerf7@msn.com
549,Wandie,Ninnoli,,510-693-9143,wninnolif8@simplemachines.org
550,Pernell,Diggell,,635-331-2898,pdiggellf9@sohu.com
551,Kandy,Gronw,,968-919-3180,kgronwfa@wix.com
552,Germayne,Bonhome,,210-404-7308,gbonhomefb@mapquest.com
553,Jorry,Willden,,340-493-0642,jwilldenfc@dmoz.org
554,Glenda,Parry,,338-253-0250,gparryfd@icio.us
555,Cherri,Camoletto,,150-949-5898,ccamolettofe@hud.gov
556,Laird,Suarez,,852-114-9786,lsuarezff@jiathis.com
557,Garald,Beard,,827-685-2677,gbeardfg@weather.com
558,Bert,Brassill,,569-874-5504,bbrassillfh@google.nl
559,Magda,Gouth,,786-196-8229,mgouthfi@webs.com
560,Jeromy,Spray,,407-371-3607,jsprayfj@cisco.com
561,Archibold,Salvati,,776-730-4063,asalvatifk@adobe.com
562,Joela,Jandl,,731-832-1321,jjandlfl@istockphoto.com
563,Clio,Kitcher,,389-578-1063,ckitcherfm@hibu.com
564,Elise,Hatherleigh,,248-405-3463,ehatherleighfn@chronoengine.com
565,Rosene,Ambresin,,439-517-3175,rambresinfo@acquirethisname.com
566,Rhea,Cuvley,,905-209-4819,rcuvleyfp@miitbeian.gov.cn
567,Harmonie,Dugget,,261-235-3811,hduggetfq@nydailynews.com
568,Lilith,Wilcock,,594-588-6676,lwilcockfr@bloglines.com
569,Barny,Siddeley,,998-963-4997,bsiddeleyfs@cnn.com
570,Angeli,Muddicliffe,,257-447-1227,amuddicliffeft@gizmodo.com
571,Violet,Canby,,976-194-1212,vcanbyfu@apple.com
572,Brien,Hedman,,225-706-8016,bhedmanfv@omniture.com
573,Burlie,Kits,,435-476-9578,bkitsfw@altervista.org
574,Halimeda,Kither,,491-894-6928,hkitherfx@free.fr
575,Augy,Dobbing,,527-554-8502,adobbingfy@blogs.com
576,Mirelle,Reckus,,685-851-8902,mreckusfz@webeden.co.uk
577,Barrie,Penwright,,746-332-6575,bpenwrightg0@shutterfly.com
578,Sheff,Ovell,,377-381-1006,sovellg1@so-net.ne.jp
579,Mirilla,De la Harpe,,910-890-1736,mdelaharpeg2@mapquest.com
580,Helen,Kopta,,666-371-2546,hkoptag3@msn.com
581,Kathye,Thurley,,874-541-8419,kthurleyg4@stanford.edu
582,Marlee,Shuttle,,583-831-9036,mshuttleg5@studiopress.com
583,Olwen,Crossland,,272-696-8646,ocrosslandg6@yahoo.co.jp
584,Ezri,Dimblebee,,866-665-8123,edimblebeeg7@npr.org
585,Bibbie,Wylder,,400-814-2398,bwylderg8@buzzfeed.com
586,Evvie,Thomazin,,352-349-9393,ethomazing9@istockphoto.com
587,Leeland,Naldrett,,419-200-9547,lnaldrettga@php.net
588,Hadleigh,Holleran,,749-619-8655,hhollerangb@taobao.com
589,Shayna,Bartrum,,621-328-0862,sbartrumgc@parallels.com
590,Beverlee,Baggaley,,489-405-5228,bbaggaleygd@mozilla.com
591,Idell,Pina,,934-214-4743,ipinage@php.net
592,Ashlie,Impey,,940-708-8356,aimpeygf@360.cn
593,Richy,Bolan,,747-695-7514,rbolangg@ezinearticles.com
594,Teirtza,Mongan,,201-659-5391,tmongangh@qq.com
595,Guglielma,Billham,,978-257-0421,gbillhamgi@so-net.ne.jp
596,Barry,Fawson,,860-643-3509,bfawsongj@craigslist.org
597,Ritchie,Bims,,198-195-0649,rbimsgk@umich.edu
598,Salim,Makepeace,,213-274-6922,smakepeacegl@fastcompany.com
599,John,Humphrys,,781-795-9928,jhumphrysgm@stumbleupon.com
600,Jacquetta,Runchman,,771-253-9595,jrunchmangn@mashable.com
601,Dani,Botler,,105-498-0238,dbotlergo@istockphoto.com
602,Lilith,Farnon,,872-391-7107,lfarnongp@reverbnation.com
603,Derrek,Mainland,,401-683-2279,dmainlandgq@linkedin.com
604,Teirtza,Martinek,,202-224-8241,tmartinekgr@hhs.gov
605,Cristobal,Cortes,,966-923-9477,ccortesgs@senate.gov
606,Alf,Adrian,,860-611-6337,aadriangt@furl.net
607,Mellicent,Duigenan,,804-808-8961,mduigenangu@dropbox.com
608,Norean,D'Aguanno,,132-165-9494,ndaguannogv@cisco.com
609,Sula,Cockshoot,,782-881-9184,scockshootgw@google.co.jp
610,Percy,Dinneen,,604-297-3952,pdinneengx@themeforest.net
611,Missy,Caldayrou,,436-280-6496,mcaldayrougy@1688.com
612,Ebba,Belliss,,527-997-7820,ebellissgz@lycos.com
613,Aidan,Tours,,900-643-8430,atoursh0@upenn.edu
614,Dov,Gerrad,,800-187-3743,dgerradh1@mail.ru
615,Chelsie,Schwandermann,,654-205-1827,cschwandermannh2@vk.com
616,Floria,Mathissen,,728-751-2771,fmathissenh3@spiegel.de
617,Yale,Pourveer,,649-506-9905,ypourveerh4@soup.io
618,Lelah,Norway,,739-181-5216,lnorwayh5@state.gov
619,Mayne,Frantsev,,701-133-2643,mfrantsevh6@simplemachines.org
620,Marylee,Albasiny,,466-166-8052,malbasinyh7@godaddy.com
621,Faythe,Valder,,459-230-7460,fvalderh8@msn.com
622,Fabien,Oen,,934-279-8408,foenh9@wp.com
623,Ike,Gowthrop,,473-231-0741,igowthropha@nsw.gov.au
624,Riannon,Brett,,631-439-2667,rbretthb@rambler.ru
625,Obediah,Torrisi,,901-462-4022,otorrisihc@google.co.uk
626,Neville,Samworth,,703-817-8334,nsamworthhd@trellian.com
627,Arin,Rodear,,708-644-7864,arodearhe@indiegogo.com
628,Thalia,Firk,,404-641-4194,tfirkhf@nba.com
629,Mandel,Winckworth,,327-314-4852,mwinckworthhg@studiopress.com
630,Lotty,Tretter,,209-365-7831,ltretterhh@cloudflare.com
631,Chevy,Demead,,901-349-5085,cdemeadhi@unicef.org
632,Leroy,Croisier,,881-934-2198,lcroisierhj@washingtonpost.com
633,Travis,Twitty,,247-707-0139,ttwittyhk@loc.gov
634,Vittoria,Haly,,430-409-9367,vhalyhl@earthlink.net
635,Grantham,Mac Geaney,,847-848-8795,gmacgeaneyhm@washingtonpost.com
636,Beitris,Allnatt,,304-660-2526,ballnatthn@weather.com
637,Merissa,Jamblin,,636-944-5386,mjamblinho@theglobeandmail.com
638,Katusha,Tolwood,,422-879-4299,ktolwoodhp@bloomberg.com
639,Odo,Andri,,855-469-2660,oandrihq@auda.org.au
640,Briny,Cleeves,,673-545-5634,bcleeveshr@issuu.com
641,Fee,Lago,,907-452-9556,flagohs@quantcast.com
642,Mabelle,Moden,,905-577-8680,mmodenht@amazon.co.jp
643,Melisenda,Buckberry,,603-403-4612,mbuckberryhu@surveymonkey.com
644,Lane,Foulstone,,704-461-6747,lfoulstonehv@amazon.com
645,Shandra,Mussettini,,496-909-4970,smussettinihw@wp.com
646,Zulema,Rushmer,,206-426-4000,zrushmerhx@deviantart.com
647,Alonso,Higgoe,,730-438-3512,ahiggoehy@exblog.jp
648,Marjy,Moncarr,,860-288-2174,mmoncarrhz@nytimes.com
649,Prentice,Binnall,,460-366-9175,pbinnalli0@skyrock.com
650,Vanya,Deesly,,205-739-5538,vdeeslyi1@nsw.gov.au
651,Channa,Bronger,,167-688-7464,cbrongeri2@eventbrite.com
652,Abelard,Tax,,145-877-9949,ataxi3@rakuten.co.jp
653,Shandie,Agott,,300-182-4551,sagotti4@creativecommons.org
654,Danella,Wigfield,,941-796-5645,dwigfieldi5@techcrunch.com
655,Dita,Banford,,204-154-8697,dbanfordi6@usatoday.com
656,Kelci,Gratrex,,812-387-9869,kgratrexi7@theguardian.com
657,Electra,Wombwell,,622-439-3052,ewombwelli8@vkontakte.ru
658,Kermit,Mockett,,932-801-0680,kmocketti9@google.com.au
659,Christos,Undrell,,879-435-7895,cundrellia@mit.edu
660,Morry,Bawle,,451-878-2887,mbawleib@myspace.com
661,Gregoor,Tremontana,,416-685-7319,gtremontanaic@webeden.co.uk
662,Arlina,MacRinn,,893-732-4407,amacrinnid@a8.net
663,Rudyard,Rove,,817-943-7646,rroveie@si.edu
664,Ignacius,Bircher,,526-535-0233,ibircherif@npr.org
665,Mercie,Axten,,786-561-7566,maxtenig@nbcnews.com
666,Marjy,Prout,,561-175-1607,mproutih@senate.gov
667,Jean,Straker,,797-128-4621,jstrakerii@discuz.net
668,Maritsa,Gillson,,364-197-2221,mgillsonij@instagram.com
669,Olva,Warmisham,,695-313-3925,owarmishamik@unblog.fr
670,Madelena,Luckey,,344-609-4061,mluckeyil@behance.net
671,Ezmeralda,Clac,,354-324-6442,eclacim@e-recht24.de
672,Fonzie,Martinelli,,546-287-1970,fmartinelliin@discuz.net
673,Mahalia,Holwell,,524-773-6828,mholwellio@cocolog-nifty.com
674,Darcy,Marsland,,369-971-6686,dmarslandip@simplemachines.org
675,Reynold,Batho,,489-273-4685,rbathoiq@google.ru
676,Barby,Anyon,,942-120-9560,banyonir@macromedia.com
677,Woodman,Gallon,,902-543-6950,wgallonis@paypal.com
678,Zedekiah,Macauley,,836-486-8773,zmacauleyit@php.net
679,Tommy,Adrianello,,423-456-6808,tadrianelloiu@yellowpages.com
680,Rozelle,Abella,,140-298-2792,rabellaiv@i2i.jp
681,Lexi,Higginbottam,,981-506-6949,lhigginbottamiw@dagondesign.com
682,Josephina,Eastabrook,,820-181-3005,jeastabrookix@networksolutions.com
683,Rollin,Neil,,198-322-4933,rneiliy@engadget.com
684,Lorrie,Potteridge,,984-398-2843,lpotteridgeiz@vk.com
685,Georgiana,Skitteral,,189-806-4545,gskitteralj0@51.la
686,Donaugh,Napleton,,506-319-4197,dnapletonj1@webs.com
687,Annabelle,Ayrton,,145-942-5173,aayrtonj2@ucoz.ru
688,Teddi,Spottswood,,612-417-7432,tspottswoodj3@vistaprint.com
689,Gallard,Dalla,,337-378-8006,gdallaj4@feedburner.com
690,Ev,Sandon,,257-957-3389,esandonj5@imageshack.us
691,Thorvald,Kuna,,992-913-9860,tkunaj6@cbsnews.com
692,Ivan,Bulter,,600-533-8507,ibulterj7@europa.eu
693,Renard,Tourle,,286-761-9311,rtourlej8@indiegogo.com
694,Jenni,Tappington,,955-631-4369,jtappingtonj9@google.co.jp
695,Melamie,Alty,,555-319-7695,maltyja@telegraph.co.uk
696,Lyman,Laimable,,772-496-2266,llaimablejb@squarespace.com
697,Dorine,Dunston,,272-921-2345,ddunstonjc@youtube.com
698,Lissa,Heikkinen,,758-161-8597,lheikkinenjd@acquirethisname.com
699,Cosmo,Winterborne,,439-404-7651,cwinterborneje@i2i.jp
700,Durante,Brotherton,,301-142-1344,dbrothertonjf@ehow.com
701,Deedee,Charity,,318-798-8747,dcharityjg@baidu.com
702,Jocelyn,Larkcum,,140-868-1047,jlarkcumjh@ask.com
703,Shaylynn,Wensley,,143-847-6334,swensleyji@imageshack.us
704,Heidie,Kaysor,,526-730-0352,hkaysorjj@acquirethisname.com
705,Sargent,Wisker,,728-804-2171,swiskerjk@geocities.com
706,Clayborn,Thurling,,332-775-6281,cthurlingjl@fc2.com
707,Virgil,Moyler,,369-741-4691,vmoylerjm@si.edu
708,Cece,Portail,,320-180-7397,cportailjn@friendfeed.com
709,Walt,Romanet,,625-896-0661,wromanetjo@ebay.com
710,Alphard,Cole,,748-805-0373,acolejp@cnet.com
711,Si,Layburn,,593-552-6694,slayburnjq@comsenz.com
712,Dory,Klaaasen,,879-447-7689,dklaaasenjr@mashable.com
713,Mac,Kew,,404-178-6832,mkewjs@technorati.com
714,Federico,Maciejak,,288-640-2213,fmaciejakjt@cbc.ca
715,Bea,Divine,,169-530-3445,bdivineju@google.pl
716,Humbert,Seary,,798-196-6051,hsearyjv@wikia.com
717,Monique,Imeson,,302-714-5374,mimesonjw@exblog.jp
718,Sam,Smithend,,813-208-7380,ssmithendjx@bizjournals.com
719,Eloise,Ciccone,,803-894-6977,ecicconejy@techcrunch.com
720,Jaine,Kolis,,527-429-8874,jkolisjz@squidoo.com
721,Reggi,Abazi,,630-420-0902,rabazik0@t.co
722,Clement,Testo,,704-927-9628,ctestok1@youtu.be
723,Nicki,Callis,,238-598-1502,ncallisk2@europa.eu
724,Jermain,Crehan,,892-967-6910,jcrehank3@stanford.edu
725,Murielle,Fright,,620-473-8575,mfrightk4@si.edu
726,Hube,Coyett,,858-644-8772,hcoyettk5@php.net
727,Shanda,Nehl,,752-705-9015,snehlk6@walmart.com
728,Ettie,Saylor,,500-990-9756,esaylork7@oracle.com
729,Marie-ann,Klimke,,890-879-1488,mklimkek8@sun.com
730,Eadith,Szantho,,312-707-7329,eszanthok9@plala.or.jp
731,Norry,Truwert,,231-727-2531,ntruwertka@jiathis.com
732,Marissa,Brawson,,538-236-6687,mbrawsonkb@japanpost.jp
733,Hilario,Brattan,,509-700-2212,hbrattankc@nifty.com
734,Rory,Dingivan,,753-368-8267,rdingivankd@cdc.gov
735,Bradney,Fleeman,,345-159-1727,bfleemanke@si.edu
736,Olympie,Stoter,,910-253-5488,ostoterkf@simplemachines.org
737,Elisha,Braunton,,334-331-5271,ebrauntonkg@sakura.ne.jp
738,Lissy,Seston,,159-733-2353,lsestonkh@liveinternet.ru
739,Issy,Gerrit,,843-795-9441,igerritki@usnews.com
740,Aldous,Borlease,,125-369-4794,aborleasekj@comsenz.com
741,Constance,Lipson,,117-377-7132,clipsonkk@nsw.gov.au
742,Alexandra,Medina,,844-876-6031,amedinakl@vistaprint.com
743,Lira,Wanka,,137-128-5594,lwankakm@linkedin.com
744,Eddie,Brushneen,,282-321-9953,ebrushneenkn@about.com
745,Oralle,Paulton,,909-977-9302,opaultonko@sphinn.com
746,Sonja,Ferreira,,248-728-3242,sferreirakp@etsy.com
747,Erasmus,Setchell,,749-135-7134,esetchellkq@squarespace.com
748,Alexandre,Posse,,291-570-4594,apossekr@nbcnews.com
749,Tova,Merle,,367-617-4097,tmerleks@1688.com
750,Zelma,Gasken,,808-296-3286,zgaskenkt@exblog.jp
751,Nonah,Bleacher,,600-326-7984,nbleacherku@apple.com
752,Grover,Spradbery,,775-703-1249,gspradberykv@webnode.com
753,Orelle,Howatt,,500-280-0220,ohowattkw@people.com.cn
754,Vale,Kerwen,,301-925-4976,vkerwenkx@tamu.edu
755,Edi,Sakins,,222-907-4592,esakinsky@sciencedirect.com
756,Dick,Sturges,,916-160-5790,dsturgeskz@utexas.edu
757,Kimble,Quesne,,936-385-7922,kquesnel0@wiley.com
758,Zora,Buntin,,462-824-7699,zbuntinl1@google.ca
759,Alexis,Griffithe,,144-421-5330,agriffithel2@fotki.com
760,Elnore,Fortesquieu,,249-362-8370,efortesquieul3@smugmug.com
761,Myrilla,Looney,,760-403-9986,mlooneyl4@wired.com
762,Kassi,Egginson,,262-123-3323,kegginsonl5@arizona.edu
763,Heindrick,Sherston,,189-195-6996,hsherstonl6@who.int
764,Kathrine,Nutton,,371-966-2176,knuttonl7@infoseek.co.jp
765,Vern,Blasdale,,688-930-3954,vblasdalel8@noaa.gov
766,Kalindi,Hartwell,,486-292-1029,khartwelll9@histats.com
767,Natalya,Bilby,,688-201-5498,nbilbyla@latimes.com
768,Bobinette,Kunath,,443-647-5375,bkunathlb@csmonitor.com
769,Kacey,Brecknock,,380-387-3353,kbrecknocklc@xinhuanet.com
770,Theodosia,Oneil,,792-755-4427,toneilld@printfriendly.com
771,Sallyanne,Mabone,,147-552-8250,smabonele@livejournal.com
772,Marcile,Scorthorne,,159-592-4483,mscorthornelf@github.io
773,Kristi,Gladdolph,,927-240-2769,kgladdolphlg@123-reg.co.uk
774,Bessie,Gieraths,,536-911-0566,bgierathslh@acquirethisname.com
775,Yurik,Dearle-Palser,,333-916-1259,ydearlepalserli@scientificamerican.com
776,Revkah,Goodall,,704-980-8122,rgoodalllj@apple.com
777,Tabb,Cull,,742-692-6901,tculllk@oracle.com
778,Huntlee,Yaknov,,789-580-4094,hyaknovll@networkadvertising.org
779,Dalston,Fitch,,674-557-4303,dfitchlm@utexas.edu
780,Celestia,Cockran,,142-916-6391,ccockranln@51.la
781,Iona,Breffitt,,373-761-9164,ibreffittlo@businesswire.com
782,Jaquenetta,Bour,,765-415-7834,jbourlp@t-online.de
783,Rori,Leggen,,541-998-5296,rleggenlq@msn.com
784,Coletta,Matzl,,132-660-6449,cmatzllr@netlog.com
785,Isaak,Lemery,,145-835-9294,ilemeryls@twitter.com
786,Celina,Bendig,,821-282-2989,cbendiglt@wikia.com
787,Christian,Pirouet,,798-342-8612,cpirouetlu@sciencedaily.com
788,Axe,Camacho,,493-618-6773,acamacholv@soup.io
789,Arly,Creyke,,529-791-8835,acreykelw@paginegialle.it
790,Engracia,Silverthorn,,205-507-3836,esilverthornlx@xinhuanet.com
791,Amory,Pagnin,,819-235-7123,apagninly@1und1.de
792,Amalita,Eadmeads,,359-258-9794,aeadmeadslz@dell.com
793,Reggie,Crookshanks,,301-569-8533,rcrookshanksm0@discuz.net
794,Joelie,Allibone,,523-369-3253,jallibonem1@spiegel.de
795,Logan,Eglington,,542-905-9599,leglingtonm2@statcounter.com
796,Aristotle,McQuirter,,720-166-6664,amcquirterm3@yelp.com
797,Cornelia,Bonwick,,817-880-4257,cbonwickm4@java.com
798,Noemi,Eburne,,797-592-1437,neburnem5@storify.com
799,Odilia,Durnell,,694-156-3019,odurnellm6@is.gd
800,Selinda,Luebbert,,804-919-2842,sluebbertm7@house.gov
801,Dela,Duffan,,201-949-1465,dduffanm8@reuters.com
802,Gun,Boolsen,,318-153-0929,gboolsenm9@canalblog.com
803,Ernst,Bushen,,856-371-4565,ebushenma@google.co.jp
804,Stinky,Thunderman,,173-411-2019,sthundermanmb@wikia.com
805,Staford,Gerault,,879-735-0711,sgeraultmc@ted.com
806,Marianna,Beswell,,348-435-6352,mbeswellmd@miitbeian.gov.cn
807,Celka,Maliphant,,349-635-1436,cmaliphantme@photobucket.com
808,Corene,McGavin,,634-730-5411,cmcgavinmf@biglobe.ne.jp
809,Mathew,Shine,,182-937-2078,mshinemg@ftc.gov
810,Carma,Victory,,574-426-9026,cvictorymh@foxnews.com
811,Gaelan,Dimitresco,,607-700-2964,gdimitrescomi@state.tx.us
812,Sherwood,Jermy,,621-134-8304,sjermymj@shareasale.com
813,Jeddy,Gitting,,966-654-5086,jgittingmk@nifty.com
814,Jamie,Accum,,771-337-9978,jaccumml@bbc.co.uk
815,Chrisse,Hicken,,945-506-0880,chickenmm@unc.edu
816,Leontine,Fipp,,510-152-7367,lfippmn@comcast.net
817,Florri,Malitrott,,628-212-4466,fmalitrottmo@forbes.com
818,Janaya,Brambley,,929-576-6869,jbrambleymp@unicef.org
819,Alva,Karus,,501-466-0023,akarusmq@tinypic.com
820,Shirley,Keemar,,268-264-5016,skeemarmr@behance.net
821,Hank,Kliemke,,931-737-9112,hkliemkems@deviantart.com
822,Price,Abramovitz,,634-880-1247,pabramovitzmt@blinklist.com
823,Augusto,Gillimgham,,120-411-4181,agillimghammu@timesonline.co.uk
824,Lydia,Blundan,,571-586-7880,lblundanmv@archive.org
825,Artair,Dusting,,579-133-6052,adustingmw@utexas.edu
826,Pat,Forker,,750-571-5561,pforkermx@wufoo.com
827,Siana,Bullard,,659-903-8794,sbullardmy@wordpress.com
828,Jo,Stennings,,783-731-3675,jstenningsmz@dedecms.com
829,Orelee,Neild,,761-778-1477,oneildn0@illinois.edu
830,Grady,Alpine,,873-403-5008,galpinen1@liveinternet.ru
831,Jens,Johncey,,592-154-0697,jjohnceyn2@yandex.ru
832,Granny,Manhare,,142-109-2841,gmanharen3@japanpost.jp
833,Terri,Edens,,708-175-4056,tedensn4@1und1.de
834,Sher,Taudevin,,631-470-2736,staudevinn5@vimeo.com
835,Cathie,Norkett,,829-342-7137,cnorkettn6@imdb.com
836,Dinah,Meaney,,816-584-2549,dmeaneyn7@time.com
837,Den,McGinlay,,874-615-1155,dmcginlayn8@youtube.com
838,Lothario,Chittem,,201-477-0866,lchittemn9@bluehost.com
839,Colline,Hodgets,,182-403-6719,chodgetsna@fc2.com
840,Frans,Moret,,270-740-4124,fmoretnb@cdbaby.com
841,Thaddus,Jarratt,,379-869-1682,tjarrattnc@adobe.com
842,Carree,Deelay,,766-468-0752,cdeelaynd@vistaprint.com
843,Giovanni,Lippo,,661-289-1632,glippone@state.gov
844,Robyn,Walsom,,708-870-8230,rwalsomnf@washingtonpost.com
845,Auguste,Perkis,,623-606-3533,aperkisng@dion.ne.jp
846,Grayce,Pimblett,,545-555-5103,gpimblettnh@globo.com
847,Adriena,Handasyde,,655-515-1513,ahandasydeni@com.com
848,Birch,Linde,,586-888-0146,blindenj@google.it
849,Yetty,Behnke,,393-430-8173,ybehnkenk@technorati.com
850,Randy,Spurdens,,576-953-9603,rspurdensnl@example.com
851,Edie,Straffon,,927-144-1006,estraffonnm@fda.gov
852,Mic,Maxted,,611-276-7646,mmaxtednn@nature.com
853,Kaitlynn,Kimberly,,146-159-5882,kkimberlyno@istockphoto.com
854,Brocky,Iori,,540-738-4795,biorinp@upenn.edu
855,Charles,Coe,,339-414-2576,ccoenq@ustream.tv
856,Aloisia,Hammer,,409-406-7302,ahammernr@businesswire.com
857,Hansiain,Croix,,705-210-8497,hcroixns@loc.gov
858,Guendolen,Gerholz,,541-551-8712,ggerholznt@wp.com
859,Darda,Jenny,,598-834-6198,djennynu@bravesites.com
860,Tedi,McIlmorow,,504-186-3570,tmcilmorownv@deviantart.com
861,Ken,Crinion,,848-527-3546,kcrinionnw@tripod.com
862,Selie,Diss,,775-632-1699,sdissnx@home.pl
863,Fifi,Eyre,,487-798-1541,feyreny@cafepress.com
864,Sindee,Maddie,,897-494-3297,smaddienz@dyndns.org
865,Nancey,Meechan,,721-924-7234,nmeechano0@salon.com
866,Keir,Moggach,,517-139-6288,kmoggacho1@github.io
867,Stacia,Olivas,,672-943-1309,solivaso2@php.net
868,Tallie,Ninnoli,,887-158-8626,tninnolio3@salon.com
869,Cherise,Gatrell,,621-724-6968,cgatrello4@paypal.com
870,Sharla,Richmont,,413-461-5378,srichmonto5@ucla.edu
871,Lanni,Bridden,,679-539-7388,lbriddeno6@instagram.com
872,Shalne,Harvie,,726-583-5099,sharvieo7@sciencedaily.com
873,Nefen,Mounter,,599-713-0586,nmountero8@yolasite.com
874,Mandy,Maclaine,,791-887-2560,mmaclaineo9@netscape.com
875,Claiborn,McCrudden,,722-954-2917,cmccruddenoa@slate.com
876,Connie,Abramovicz,,786-252-4109,cabramoviczob@hibu.com
877,Lilli,Gonthard,,548-425-6563,lgonthardoc@washingtonpost.com
878,Jacquelyn,Wippermann,,531-470-4910,jwippermannod@taobao.com
879,Sioux,Kemshell,,464-347-2843,skemshelloe@rediff.com
880,Jed,Donat,,980-836-8471,jdonatof@go.com
881,Muffin,Mandel,,729-282-3717,mmandelog@themeforest.net
882,Stavro,Cronchey,,912-738-7071,scroncheyoh@whitehouse.gov
883,Hendrick,Dunbabin,,261-998-6898,hdunbabinoi@issuu.com
884,Valentine,Durrant,,342-880-8413,vdurrantoj@zimbio.com
885,Janelle,Garnam,,606-904-6346,jgarnamok@homestead.com
886,Quinn,Bidgood,,901-960-4518,qbidgoodol@freewebs.com
887,Spencer,Ferrar,,390-646-6233,sferrarom@bigcartel.com
888,Dionis,Kittley,,754-725-9185,dkittleyon@cdbaby.com
889,Ruthie,Wimbridge,,545-798-0681,rwimbridgeoo@google.com
890,Eb,Major,,385-597-9248,emajorop@ted.com
891,Neely,Breacher,,541-754-3599,nbreacheroq@nydailynews.com
892,Krissie,Mundy,,907-707-7468,kmundyor@behance.net
893,Joni,Pegler,,498-561-4908,jpegleros@addtoany.com
894,Chad,Fleay,,725-412-7848,cfleayot@bloglines.com
895,Waldo,Hobbing,,257-941-2160,whobbingou@privacy.gov.au
896,Matias,Quarrell,,257-806-7400,mquarrellov@intel.com
897,Brent,Couttes,,711-801-4796,bcouttesow@blogtalkradio.com
898,Eberto,Vandenhoff,,352-492-9791,evandenhoffox@squarespace.com
899,Bridget,Tackett,,115-165-5506,btackettoy@vkontakte.ru
900,Ellsworth,Siddele,,719-143-5914,esiddeleoz@opera.com
901,Madalyn,Micheu,,225-930-7108,mmicheup0@miitbeian.gov.cn
902,Dame,Morbey,,735-843-4707,dmorbeyp1@earthlink.net
903,Arley,Gethins,,423-484-2507,agethinsp2@who.int
904,Nollie,Gwyer,,650-438-3441,ngwyerp3@quantcast.com
905,Heath,Aizic,,775-593-2443,haizicp4@utexas.edu
906,Sloane,Gildea,,390-678-8869,sgildeap5@google.com
907,Leanna,Barbier,,600-952-2805,lbarbierp6@edublogs.org
908,Lesli,Jesty,,893-947-7676,ljestyp7@harvard.edu
909,Lavena,Albiston,,867-155-6079,lalbistonp8@google.de
910,Breanne,Kun,,425-758-8552,bkunp9@google.cn
911,Ardisj,Baseggio,,312-667-6238,abaseggiopa@biglobe.ne.jp
912,Spike,Okenden,,176-942-6587,sokendenpb@twitter.com
913,Morissa,Vallack,,560-834-8371,mvallackpc@apache.org
914,Mirabel,Banghe,,366-369-0973,mbanghepd@google.es
915,Matelda,DelaField,,874-385-4488,mdelafieldpe@last.fm
916,Mauricio,Spacey,,860-821-4087,mspaceypf@spiegel.de
917,Bria,Ceyssen,,773-802-2919,bceyssenpg@ted.com
918,Giselbert,Frude,,124-177-9925,gfrudeph@wsj.com
919,Jennilee,Maginot,,502-751-7263,jmaginotpi@cbslocal.com
920,Vivian,Hunnam,,938-331-3063,vhunnampj@wikimedia.org
921,Peggie,Edgar,,164-633-3328,pedgarpk@unicef.org
922,Trista,Costello,,629-595-1187,tcostellopl@boston.com
923,Cyrill,Pottie,,419-301-6561,cpottiepm@mozilla.org
924,Gabbi,Betts,,922-629-6236,gbettspn@cornell.edu
925,Eudora,Klemmt,,389-162-7486,eklemmtpo@artisteer.com
926,Felipe,Dye,,830-474-9979,fdyepp@smh.com.au
927,Ganny,Cosgry,,111-146-5841,gcosgrypq@naver.com
928,Lonna,Alenshev,,819-894-8643,lalenshevpr@irs.gov
929,Addi,Babonau,,865-314-7166,ababonaups@sun.com
930,Paolina,Bellis,,849-868-1422,pbellispt@issuu.com
931,Marshall,Maestro,,280-278-9807,mmaestropu@wikispaces.com
932,Valida,Bonny,,342-897-4308,vbonnypv@economist.com
933,Cherie,Saura,,844-584-6561,csaurapw@nasa.gov
934,Claudio,Perkinson,,199-675-0130,cperkinsonpx@tuttocitta.it
935,Lucine,Deam,,532-196-9225,ldeampy@dot.gov
936,Shanan,Drioli,,518-363-6745,sdriolipz@typepad.com
937,Glenden,Ruddoch,,967-642-2176,gruddochq0@va.gov
938,Gib,Gayforth,,363-505-4028,ggayforthq1@devhub.com
939,Jocelyne,Dimitriou,,841-684-5476,jdimitriouq2@histats.com
940,Mahala,Shearmer,,813-220-2399,mshearmerq3@sourceforge.net
941,Raquela,Androletti,,381-188-2215,randrolettiq4@altervista.org
942,Kerry,Gouck,,629-793-0033,kgouckq5@imageshack.us
943,Coletta,Feander,,362-135-0783,cfeanderq6@abc.net.au
944,Jourdain,Orrocks,,147-798-8407,jorrocksq7@msu.edu
945,Sig,Rapsey,,484-609-9801,srapseyq8@sohu.com
946,Flore,Hayden,,975-836-4637,fhaydenq9@jigsy.com
947,Felicity,Godsafe,,786-866-2710,fgodsafeqa@wix.com
948,Tamma,Keyden,,161-398-9472,tkeydenqb@youku.com
949,Arny,Officer,,158-878-6052,aofficerqc@livejournal.com
950,Joye,Salmoni,,894-760-9898,jsalmoniqd@toplist.cz
951,Wilhelmina,Pockey,,733-844-2539,wpockeyqe@hatena.ne.jp
952,Maurizia,McBrearty,,912-530-0557,mmcbreartyqf@canalblog.com
953,Lorain,McGinn,,210-121-6053,lmcginnqg@bloglovin.com
954,Darius,Leehane,,812-475-8694,dleehaneqh@biglobe.ne.jp
955,Garwood,Hadrill,,588-925-2871,ghadrillqi@photobucket.com
956,Clerissa,Flawith,,653-468-5943,cflawithqj@washingtonpost.com
957,Janessa,O'Heffernan,,437-253-6000,joheffernanqk@canalblog.com
958,Ramona,Lowre,,111-633-4661,rlowreql@eventbrite.com
959,Emalia,Binestead,,243-429-6556,ebinesteadqm@upenn.edu
960,Edik,Eilhart,,937-585-7421,eeilhartqn@nhs.uk
961,Dale,Gourley,,915-495-9832,dgourleyqo@yandex.ru
962,Mord,Bubbings,,178-430-4686,mbubbingsqp@github.com
963,Mildrid,Balma,,384-688-7492,mbalmaqq@cocolog-nifty.com
964,Elena,Geany,,258-616-3965,egeanyqr@china.com.cn
965,Quincey,Consadine,,177-996-9207,qconsadineqs@sciencedaily.com
966,Addie,Brame,,598-456-9227,abrameqt@cnet.com
967,Carmelle,Pallas,,739-668-2917,cpallasqu@redcross.org
968,Tait,Privost,,917-443-0455,tprivostqv@linkedin.com
969,Ashien,O'Murtagh,,228-510-1627,aomurtaghqw@wunderground.com
970,Otes,Barrell,,769-987-0721,obarrellqx@istockphoto.com
971,Astrix,Shillabeer,,854-954-5361,ashillabeerqy@amazon.de
972,Bruce,Clash,,620-214-2472,bclashqz@statcounter.com
973,Scotty,Simla,,114-653-5841,ssimlar0@istockphoto.com
974,Row,Lownes,,118-168-5841,rlownesr1@un.org
975,Marsh,O'Cosgra,,520-116-4315,mocosgrar2@yahoo.co.jp
976,Nelie,McClory,,797-828-5122,nmccloryr3@hp.com
977,Tani,Sexcey,,510-716-2924,tsexceyr4@sitemeter.com
978,Mitchael,Readie,,993-208-0400,mreadier5@networkadvertising.org
979,Rogerio,Shuxsmith,,646-530-7672,rshuxsmithr6@google.com.hk
980,Mac,Lum,,232-567-2644,mlumr7@cloudflare.com
981,Dewie,Salvin,,779-581-8567,dsalvinr8@pagesperso-orange.fr
982,Fredrika,Kimble,,670-600-6480,fkimbler9@earthlink.net
983,Yasmeen,Matterface,,465-786-1802,ymatterfacera@senate.gov
984,Thurston,De L'Isle,,760-740-5451,tdelislerb@51.la
985,Daveta,Hourihan,,450-161-2043,dhourihanrc@youtu.be
986,Hollie,Pullen,,850-860-3015,hpullenrd@globo.com
987,Consalve,Aldrin,,572-617-9264,caldrinre@nydailynews.com
988,Arty,Georgel,,638-103-4428,ageorgelrf@newyorker.com
989,Kyrstin,Lemerle,,707-964-2458,klemerlerg@t.co
990,Glory,McKoy,,503-500-7859,gmckoyrh@taobao.com
991,Rabi,Cahillane,,988-940-3914,rcahillaneri@nationalgeographic.com
992,Codie,Plevey,,741-275-0933,cpleveyrj@livejournal.com
993,Kiersten,Ellaway,,969-385-4580,kellawayrk@nsw.gov.au
994,Maribelle,Normandale,,336-650-4272,mnormandalerl@surveymonkey.com
995,Winna,Heeley,,533-146-5465,wheeleyrm@google.ru
996,Mommy,Curness,,482-401-1270,mcurnessrn@bigcartel.com
997,Jojo,Steer,,718-135-9557,jsteerro@ihg.com
998,Arnie,Coward,,221-326-1231,acowardrp@rakuten.co.jp
999,Rodge,Rule,,218-781-8562,rrulerq@sun.com
1000,Abba,Grancher,,862-511-8387,agrancherrr@blog.com
